id,firstname,lastname
ADM1234,Robert,Smith-Jones
HRD5678,Ana,Sofia Rodriguez
FIN9012,Jean-Pierre,Dubois
MKT3456,Mary Jo,Campbell
ENG7890,John Jr.,Davis
SAL2345,Elizabeth,van der Berg
ITC6789,Mohammed,Al-Sayed
OPS0123,Kim,Young-hee
RND4567,Carlos,José Garcia
ADM8901,Pat,O'Malley
ADM1234,Robert,Smith-Jones
HRD5678,Ana,Sofia Rodriguez
FIN9012,Jean-Pierre,Dubois
MKT3456,Mary Jo,Campbell
ENG7890,John Jr.,Davis
SAL2345,Elizabeth,van der Berg
ITC6789,Mohammed,Al-Sayed
OPS0123,Kim,Young-hee
RND4567,Carlos,José Garcia
ADM8901,Pat,O'Malley
ABC1234,Emma,Johnson
DEF5678,Liam,Smith
GHI9012,Olivia,Williams
JKL3456,Noah,Brown
MNO7890,Ava,Jones
PQR2345,Logan,Garcia
STU6789,Sophia,Miller
VWX0123,Lucas,Davis
YZA4567,Isabella,Rodriguez
BCD8901,Mason,Martinez
CDE1234,Mia,Hernandez
FGH5672,Elijah,Lopez
IJK9013,Charlotte,Gonzalez
LMN3458,Amelia,Wilson
OPQ7891,Harper,Anderson
RST2346,Evelyn,Thomas
TUV6780,Abigail,Taylor
WXY0124,Emily,Moore
ZAB4568,Elizabeth,Jackson
CDE8902,Sofia,Martin